"STOCK CONSOLIDADO — MUEBLERÍA FONTANA Hoja Origen ▼ HOJA: MADERAS ▼ EGGER MDF 18mm — Nacional","Sección ","Producto ","Categoría ","Color / Variante ","Marca ","Medida ","Código ","Precio Unit. ","Stock Actual ","Stock Mín. ","Precio Total ","Reponer ","","","","","","","","","","","","",""
"Maderas","EGGER MDF 18mm — Nacional","Placa MDF 18mm","Blanco Absoluto Soft","Blanco Absoluto Soft","Egger"," 1.83x2.60m "," EGG-001 ","$109.909","22","10","$2.417.998","No","","","","","","","","","","","","",""
"Maderas","EGGER MDF 18mm — Nacional","Placa MDF 18mm","Blanco Absoluto Soft","Roble Bardolino Gris","Egger"," 1.83x2.60m "," EGG-002 ","$109.909","18","10","$1.978.362","No","","","","","","","","","","","","",""
"Maderas","EGGER MDF 18mm — Nacional","Placa MDF 18mm","Blanco SM","Blanco SM","Egger"," 1.83x2.60m "," EGG-003 ","$140.953","15","8","$2.114.295","No","","","","","","","","","","","","",""
"Maderas","EGGER MDF 18mm — Nacional","Placa MDF 18mm","ST10","Roble Bardolino Gris","Egger"," 1.83x2.60m "," EGG-004 ","$121.762","14","8","$1.704.668","No","","","","","","","","","","","","",""
"Maderas","EGGER MDF 18mm — Nacional","Placa MDF 18mm","ST22","Fineline Crema","Egger"," 1.83x2.60m "," EGG-005 ","$127.505","12","8","$1.530.060","No","","","","","","","","","","","","",""
"Maderas","EGGER MDF 18mm — Nacional","Placa MDF 18mm","ST22","Pino Aland Polar","Egger"," 1.83x2.60m "," EGG-006 ","$127.505","10","8","$1.275.050","No","","","","","","","","","","","","",""
"Maderas","EGGER MDF 18mm — Nacional","Placa MDF 18mm","ST9","Aluminio","Egger"," 1.83x2.60m "," EGG-007 ","$127.505","16","10","$2.040.080","No","","","","","","","","","","","","",""
"Maderas","EGGER MDF 18mm — Nacional","Placa MDF 18mm","ST9","Gris Acrílica","Egger"," 1.83x2.60m "," EGG-008 ","$127.505","20","10","$2.550.100","No","","","","","","","","","","","","",""
"Maderas","EGGER MDF 18mm — Nacional","Placa MDF 18mm","ST9","Gris Macadán","Egger"," 1.83x2.60m "," EGG-009 ","$127.505","25","10","$3.187.625","No","","","","","","","","","","","","",""
"Maderas","EGGER MDF 18mm — Nacional","Placa MDF 18mm","ST9","Gris Peña","Egger"," 1.83x2.60m "," EGG-010 ","$127.505","18","10","$2.295.090","No","","","","","","","","","","","","",""
"Maderas","EGGER MDF 18mm — Nacional","Placa MDF 18mm","ST9","Gris Cubanita","Egger"," 1.83x2.60m "," EGG-011 ","$127.505","14","10","$1.785.070","No","","","","","","","","","","","","",""
"Maderas","EGGER MDF 18mm — Nacional","Placa MDF 18mm","ST9","Gris Bruma","Egger"," 1.83x2.60m "," EGG-012 ","$127.505","9","10","$1.147.545","Sí","","","","","","","","","","","","",""
"Maderas","EGGER MDF 18mm — Nacional","Placa MDF 18mm","ST9","Gris Sombra","Egger"," 1.83x2.60m "," EGG-013 ","$127.505","13","10","$1.657.565","No","","","","","","","","","","","","",""
"Maderas","EGGER MDF 18mm — Nacional","Placa MDF 18mm","ST9","Negro","Egger"," 1.83x2.60m "," EGG-014 ","$127.505","50","12","$6.375.250","No","","","","","","","","","","","","",""
"Maderas","EGGER MDF 18mm — Nacional","Placa MDF 18mm","ST19","Amarillo Girasol","Egger"," 1.83x2.60m "," EGG-015 ","$127.505","6","5","$765.030","No","","","","","","","","","","","","",""
"Maderas","EGGER MDF 18mm — Nacional","Placa MDF 18mm","ST19","Azul Cósmico","Egger"," 1.83x2.60m "," EGG-016 ","$127.505","8","5","$1.020.040","No","","","","","","","","","","","","",""
"Maderas","EGGER MDF 18mm — Nacional","Placa MDF 18mm","ST19","Naranja de Siena","Egger"," 1.83x2.60m "," EGG-017 ","$127.505","50","5","$6.375.250","Sí","","","","","","","","","","","","",""
"Maderas","EGGER MDF 18mm — Nacional","Placa MDF 18mm","ST19","Rojo Cereza","Egger"," 1.83x2.60m "," EGG-018 ","$127.505","7","5","$892.535","No","","","","","","","","","","","","",""
"Maderas","EGGER MDF 18mm — Nacional","Placa MDF 18mm","ST19","Rosa Antiguo","Egger"," 1.83x2.60m "," EGG-019 ","$127.505","4","5","$510.020","Sí","","","","","","","","","","","","",""
"Maderas","EGGER MDF 18mm — Nacional","Placa MDF 18mm","ST19","Verde Kiwi","Egger"," 1.83x2.60m "," EGG-020 ","$127.505","6","5","$765.030","No","","","","","","","","","","","","",""
"Maderas","EGGER MDF 18mm — Nacional","Placa MDF 18mm","ST12","Cerezo Locarno","Egger"," 1.83x2.60m "," EGG-021 ","$127.505","10","6","$1.275.050","No","","","","","","","","","","","","",""
"Maderas","EGGER MDF 18mm — Nacional","Placa MDF 18mm","ST12","Roble Termo Negro","Egger"," 1.83x2.60m "," EGG-022 ","$127.505","15","8","$1.912.575","No","","","","","","","","","","","","",""
"Maderas","EGGER MDF 18mm — Nacional","Placa MDF 18mm","ST12","Roble Kendal Coñac","Egger"," 1.83x2.60m "," EGG-023 ","$127.505","19","8","$2.422.595","No","","","","","","","","","","","","",""
"Maderas","EGGER MDF 18mm — Nacional","Placa MDF 18mm","ST12","Roble Kendal Natural","Egger"," 1.83x2.60m "," EGG-024 ","$127.505","22","10","$2.805.110","No","","","","","","","","","","","","",""
"Maderas","EGGER MDF 18mm — Nacional","Placa MDF 18mm","ST19 Medio","Piedra Grigia Antracita","Egger"," 1.83x2.60m "," EGG-025 ","$136.515","8","5","$1.092.120","No","","","","","","","","","","","","",""
"Maderas","EGGER MDF 18mm — Nacional","Placa MDF 18mm","ST19 Medio","Rabinia Branco Gris Beige","Egger"," 1.83x2.60m "," EGG-026 ","$136.515","6","5","$819.090","No","","","","","","","","","","","","",""
"Maderas","EGGER MDF 18mm — Nacional","Placa MDF 18mm","ST19 Medio","Rabinia Branson Marrón Trufa","Egger"," 1.83x2.60m "," EGG-027 ","$136.515","10","5","$1.365.150","No","","","","","","","","","","","","",""
"Maderas","EGGER MDF 18mm — Nacional","Placa MDF 18mm","ST19 Medio","Fineline Metallic Marrón","Egger"," 1.83x2.60m "," EGG-028 ","$136.515","5","5","$682.575","Sí","","","","","","","","","","","","",""
"Maderas","EGGER MDF 18mm — Nacional","Placa MDF 18mm","ST10 Medio","Chromix Bronce","Egger"," 1.83x2.60m "," EGG-029 ","$136.515","7","5","$955.605","No","","","","","","","","","","","","",""
"Maderas","EGGER MDF 18mm — Nacional","Placa MDF 18mm","ST10 Medio","Concreto Cetalú Blanco","Egger"," 1.83x2.60m "," EGG-030 ","$136.515","12","6","$1.638.180","No","","","","","","","","","","","","",""
"Maderas","EGGER MDF 18mm — Nacional","Placa MDF 18mm","ST12 Medio","Roble Sorano Negro Martín","Egger"," 1.83x2.60m "," EGG-031 ","$136.515","9","5","$1.228.635","No","","","","","","","","","","","","",""
"Maderas","EGGER MDF 18mm — Nacional","Placa MDF 18mm","ST20 Medio","Metallic Gris Platino","Egger"," 1.83x2.60m "," EGG-032 ","$136.515","4","5","$546.060","Sí","","","","","","","","","","","","",""
"Maderas","EGGER MDF 18mm — Nacional","Placa MDF 18mm","ST22 Medio","Whitewood","Egger"," 1.83x2.60m "," EGG-033 ","$136.515","14","8","$1.911.210","No","","","","","","","","","","","","",""
"Maderas","EGGER MDF 18mm — Nacional","Placa MDF 18mm","ST22 Medio","Graphitewood","Egger"," 1.83x2.60m "," EGG-034 ","$136.515","11","6","$1.501.665","No","","","","","","","","","","","","",""
"Maderas","EGGER MDF 18mm — Nacional","Placa MDF 18mm","ST22 Medio","Feelwood Champán","Egger"," 1.83x2.60m "," EGG-035 ","$136.515","3","5","$409.545","Sí","","","","","","","","","","","","",""
"Maderas","EGGER MDF 18mm — Nacional","Placa MDF 18mm","ST9 Premium","Piedra Grigia Negro","Egger"," 1.83x2.60m "," EGG-036 ","$198.616","5","3","$993.080","No","","","","","","","","","","","","",""
"Maderas","EGGER MDF 18mm — Nacional","Placa MDF 18mm","ST10 Premium","Nogal del Pacífico Natural","Egger"," 1.83x2.60m "," EGG-037 ","$198.616","4","3","$794.464","No","","","","","","","","","","","","",""
"Maderas","EGGER MDF 18mm — Nacional","Placa MDF 18mm","ST10 Premium","Roble Whiteriver Beige Arena","Egger"," 1.83x2.60m "," EGG-038 ","$198.616","6","3","$1.191.696","No","","","","","","","","","","","","",""
"Maderas","EGGER MDF 18mm — Nacional","Placa MDF 18mm","ST22 Premium","Pino Aland Blanco","Egger"," 1.83x2.60m "," EGG-039 ","$198.616","8","4","$1.588.928","No","","","","","","","","","","","","",""
"Maderas","EGGER MDF 18mm — Nacional","Placa MDF 18mm","ST19 Premium","Nogal Lincoln","Egger"," 1.83x2.60m "," EGG-040 ","$198.616","3","3","$595.848","Sí","","","","","","","","","","","","",""
"Maderas","EGGER MDF 18mm — Nacional","Placa MDF 18mm","ST19 Premium","Rabinia Branson Marrón Natural","Egger"," 1.83x2.60m "," EGG-041 ","$198.616","5","3","$993.080","No","","","","","","","","","","","","",""
"Maderas","EGGER MDF 18mm — Nacional","Placa MDF 18mm","ST19 Premium","Roble Vicenza Gris","Egger"," 1.83x2.60m "," EGG-042 ","$198.616","7","3","$1.390.312","No","","","","","","","","","","","","",""
"Maderas","EGGER MDF 18mm — Nacional","Placa MDF 18mm","ST19 Premium","Roble Kaiserberg","Egger"," 1.83x2.60m "," EGG-043 ","$198.616","4","3","$794.464","No","","","","","","","","","","","","",""
"Maderas","EGGER MDF 18mm — Nacional","Placa MDF 18mm","ST20 Premium","Bronce Cepillado","Egger"," 1.83x2.60m "," EGG-044 ","$198.616","2","3","$397.232","Sí","","","","","","","","","","","","",""
"Maderas","EGGER MDF 18mm — Nacional","Placa MDF 18mm","ST20 Premium","Metallic Azul Índigo","Egger"," 1.83x2.60m "," EGG-045 ","$198.616","3","3","$595.848","Sí","","","","","","","","","","","","",""
"Maderas","EGGER MDF 18mm — Nacional","Placa MDF 18mm","ST20 Premium","Metal Cepillado Bronce","Egger"," 1.83x2.60m "," EGG-046 ","$198.616","6","3","$1.191.696","No","","","","","","","","","","","","",""
"Maderas","EGGER MDF 18mm — Nacional","Placa MDF 18mm","ST20 Premium","Metal Cepillado Oro","Egger"," 1.83x2.60m "," EGG-047 ","$198.616","5","3","$993.080","No","","","","","","","","","","","","",""
"Maderas","EGGER MDF 18mm — Nacional","Placa MDF 18mm","ST20 Premium","Metallic Inox","Egger"," 1.83x2.60m "," EGG-048 ","$198.616","4","3","$794.464","No","","","","","","","","","","","","",""
"Maderas","EGGER MDF 18mm — Nacional","Placa MDF 18mm","ST20 Premium","Negro","Egger"," 1.83x2.60m "," EGG-049 ","$198.616","9","4","$1.787.544","No","","","","","","","","","","","","",""
"Maderas","EGGER MDF 18mm — Nacional","Placa MDF 18mm","Eurodekor Import.","Alerce Blanco","Egger"," 2.07x2.80m "," EGG-050 ","$235.681","6","3","$1.414.086","No","","","","","","","","","","","","",""
"Maderas","EGGER MDF 18mm — Nacional","Placa MDF 18mm","Eurodekor Import.","Alerce Marrón","Egger"," 2.07x2.80m "," EGG-051 ","$235.681","4","3","$942.724","No","","","","","","","","","","","","",""
"Maderas","EGGER MDF 18mm — Nacional","Placa MDF 18mm","Eurodekor Import.","Alerce Antracita","Egger"," 2.07x2.80m "," EGG-052 ","$235.681","5","3","$1.178.405","No","","","","","","","","","","","","",""
"Maderas","EGGER MDF 18mm — Nacional","Placa MDF 18mm","Eurodekor Import.","Roble Casella Marrón","Egger"," 2.07x2.80m "," EGG-053 ","$235.681","7","4","$1.649.767","No","","","","","","","","","","","","",""
"Maderas","EGGER MDF 18mm — Nacional","Placa MDF 18mm","Eurodekor Import.","Roble Casella Marrón Oscuro","Egger"," 2.07x2.80m "," EGG-054 ","$235.681","5","3","$1.178.405","No","","","","","","","","","","","","",""
"Maderas","EGGER MDF 18mm — Nacional","Placa MDF 18mm","Eurodekor Import.","Roble Halifax Natural","Egger"," 2.07x2.80m "," EGG-055 ","$235.681","8","4","$1.885.448","No","","","","","","","","","","","","",""
"Maderas","EGGER MDF 18mm — Nacional","Placa MDF 18mm","Eurodekor Import.","Roble Halifax Tabaco","Egger"," 2.07x2.80m "," EGG-056 ","$235.681","6","4","$1.414.086","No","","","","","","","","","","","","",""
"EGGER MDF 18mm — Premium","","","","","","","","","","","","","","","","","","","","","","","","",""
"Maderas","EGGER MDF 18mm — Premium","Placa MDF 18mm","PerfectSense Gloss","Gris Arcilla Gloss","Egger"," 2.07x2.80m "," EGG-057 ","$478.050","2","2","$956.100","Sí","","","","","","","","","","","","",""
"Maderas","EGGER MDF 18mm — Premium","Placa MDF 18mm","PerfectSense Gloss","Gris Macadán Gloss","Egger"," 2.07x2.80m "," EGG-058 ","$478.050","3","2","$1.434.150","No","","","","","","","","","","","","",""
"Maderas","EGGER MDF 18mm — Premium","Placa MDF 18mm","PerfectSense Gloss","Negro Gloss","Egger"," 2.07x2.80m "," EGG-059 ","$478.050","4","2","$1.912.200","No","","","","","","","","","","","","",""
"Maderas","EGGER MDF 18mm — Premium","Placa MDF 18mm","PerfectSense Gloss","Rojo Cereza Gloss","Egger"," 2.07x2.80m "," EGG-060 ","$478.050","1","2","$478.050","Sí","","","","","","","","","","","","",""
"Maderas","EGGER MDF 18mm — Premium","Placa MDF 18mm","PerfectSense Mate","Gris Arcilla Mate","Egger"," 2.07x2.80m "," EGG-061 ","$428.896","3","2","$1.286.688","No","","","","","","","","","","","","",""
"Maderas","EGGER MDF 18mm — Premium","Placa MDF 18mm","PerfectSense Mate","Gris Macadán Mate","Egger"," 2.07x2.80m "," EGG-062 ","$428.896","4","2","$1.715.584","No","","","","","","","","","","","","",""
"Maderas","EGGER MDF 18mm — Premium","Placa MDF 18mm","PerfectSense Mate","Negro Mate","Egger"," 2.07x2.80m "," EGG-063 ","$428.896","5","2","$2.144.480","No","","","","","","","","","","","","",""
"FAPLAC MDF 18mm","","","","","","","","","","","","","","","","","","","","","","","","",""
"Maderas","FAPLAC MDF 18mm","Placa MDF 18mm","Blanco 1 Textura","Blanco 1","Faplac"," 1.83x2.75m "," FAP-001 ","$104.351","35","15","$3.652.285","No","","","","","","","","","","","","",""
"Maderas","FAPLAC MDF 18mm","Placa MDF 18mm","Blanco Natural","Blanco Natural","Faplac"," 1.83x2.75m "," FAP-002 ","$115.062","28","15","$3.221.736","No","","","","","","","","","","","","",""
"Maderas","FAPLAC MDF 18mm","Placa MDF 18mm","Línea Joven","Amarillo 192","Faplac"," 1.83x2.75m "," FAP-003 ","$115.062","8","5","$920.496","No","","","","","","","","","","","","",""
"Maderas","FAPLAC MDF 18mm","Placa MDF 18mm","Línea Joven","Lila 190","Faplac"," 1.83x2.75m "," FAP-004 ","$115.062","6","5","$690.372","No","","","","","","","","","","","","",""
"Maderas","FAPLAC MDF 18mm","Placa MDF 18mm","Línea Joven","Verde 191","Faplac"," 1.83x2.75m "," FAP-005 ","$115.062","7","5","$805.434","No","","","","","","","","","","","","",""
"Maderas","FAPLAC MDF 18mm","Placa MDF 18mm","Lisos Claros","Almendra","Faplac"," 1.83x2.75m "," FAP-006 ","$115.062","15","8","$1.725.930","No","","","","","","","","","","","","",""
"Maderas","FAPLAC MDF 18mm","Placa MDF 18mm","Lisos Claros","Cenizas 105","Faplac"," 1.83x2.75m "," FAP-007 ","$115.062","18","8","$2.071.116","No","","","","","","","","","","","","",""
"Maderas","FAPLAC MDF 18mm","Placa MDF 18mm","Lisos Oscuros","Aluminio 202","Faplac"," 1.83x2.75m "," FAP-008 ","$115.062","14","8","$1.610.868","No","","","","","","","","","","","","",""
"Maderas","FAPLAC MDF 18mm","Placa MDF 18mm","Lisos Oscuros","Azul Lago 170","Faplac"," 1.83x2.75m "," FAP-009 ","$115.062","9","6","$1.035.558","No","","","","","","","","","","","","",""
"Maderas","FAPLAC MDF 18mm","Placa MDF 18mm","Lisos Oscuros","Grafito 107","Faplac"," 1.83x2.75m "," FAP-010 ","$115.062","22","10","$2.531.364","No","","","","","","","","","","","","",""
"Maderas","FAPLAC MDF 18mm","Placa MDF 18mm","Lisos Oscuros","Gris Humo 108","Faplac"," 1.83x2.75m "," FAP-011 ","$115.062","16","8","$1.840.992","No","","","","","","","","","","","","",""
"Maderas","FAPLAC MDF 18mm","Placa MDF 18mm","Lisos Oscuros","Negro Profundo 303","Faplac"," 1.83x2.75m "," FAP-012 ","$115.062","30","12","$3.451.860","No","","","","","","","","","","","","",""
"Maderas","FAPLAC MDF 18mm","Placa MDF 18mm","Lisos Oscuros","Rojo 040","Faplac"," 1.83x2.75m "," FAP-013 ","$115.062","10","6","$1.150.620","No","","","","","","","","","","","","",""
"Maderas","FAPLAC MDF 18mm","Placa MDF 18mm","Metallic","Cobre 206","Faplac"," 1.83x2.75m "," FAP-014 ","$115.062","5","4","$575.310","No","","","","","","","","","","","","",""
"Maderas","FAPLAC MDF 18mm","Placa MDF 18mm","Metallic","Titanio 207","Faplac"," 1.83x2.75m "," FAP-015 ","$115.062","8","5","$920.496","No","","","","","","","","","","","","",""
"Maderas","FAPLAC MDF 18mm","Placa MDF 18mm","Maderas Wood-Text","Abedul 085","Faplac"," 1.83x2.75m "," FAP-016 ","$122.500","12","6","$1.470.000","No","","","","","","","","","","","","",""
"Maderas","FAPLAC MDF 18mm","Placa MDF 18mm","Maderas Wood-Text","Cedro 064","Faplac"," 1.83x2.75m "," FAP-017 ","$122.500","15","6","$1.837.500","No","","","","","","","","","","","","",""
"Maderas","FAPLAC MDF 18mm","Placa MDF 18mm","Maderas Wood-Text","Cerezo 068","Faplac"," 1.83x2.75m "," FAP-018 ","$122.500","10","6","$1.225.000","No","","","","","","","","","","","","",""
"Maderas","FAPLAC MDF 18mm","Placa MDF 18mm","Maderas Wood-Text","Ébano Negro 016","Faplac"," 1.83x2.75m "," FAP-019 ","$122.500","14","6","$1.715.000","No","","","","","","","","","","","","",""
"Maderas","FAPLAC MDF 18mm","Placa MDF 18mm","Maderas Wood-Text","Haya 063","Faplac"," 1.83x2.75m "," FAP-020 ","$122.500","11","6","$1.347.500","No","","","","","","","","","","","","",""
"Maderas","FAPLAC MDF 18mm","Placa MDF 18mm","Maderas Wood-Text","Maple 073","Faplac"," 1.83x2.75m "," FAP-021 ","$122.500","8","6","$980.000","No","","","","","","","","","","","","",""
"Maderas","FAPLAC MDF 18mm","Placa MDF 18mm","Maderas Wood-Text","Peral 059","Faplac"," 1.83x2.75m "," FAP-022 ","$122.500","9","6","$1.102.500","No","","","","","","","","","","","","",""
"Maderas","FAPLAC MDF 18mm","Placa MDF 18mm","Maderas Wood-Text","Roble Americano 03","Faplac"," 1.83x2.75m "," FAP-023 ","$122.500","25","12","$3.062.500","No","","","","","","","","","","","","",""
"Maderas","FAPLAC MDF 18mm","Placa MDF 18mm","Maderas Wood-Text","Roble Dakar 031","Faplac"," 1.83x2.75m "," FAP-024 ","$122.500","20","10","$2.450.000","No","","","","","","","","","","","","",""
"Maderas","FAPLAC MDF 18mm","Placa MDF 18mm","Maderas Wood-Text","Roble Español 016","Faplac"," 1.83x2.75m "," FAP-025 ","$122.500","16","8","$1.960.000","No","","","","","","","","","","","","",""
"Maderas","FAPLAC MDF 18mm","Placa MDF 18mm","Maderas Wood-Text","Tangerica Tabaco 074","Faplac"," 1.83x2.75m "," FAP-026 ","$122.500","13","6","$1.592.500","No","","","","","","","","","","","","",""
"Maderas","FAPLAC MDF 18mm","Placa MDF 18mm","Nature","Cajú 065","Faplac"," 1.83x2.75m "," FAP-027 ","$177.096","6","4","$1.062.576","No","","","","","","","","","","","","",""
"Maderas","FAPLAC MDF 18mm","Placa MDF 18mm","Nature","Carvalho Mezzo 042","Faplac"," 1.83x2.75m "," FAP-028 ","$177.096","8","4","$1.416.768","No","","","","","","","","","","","","",""
"Maderas","FAPLAC MDF 18mm","Placa MDF 18mm","Nature","Carvalho Asserado 161","Faplac"," 1.83x2.75m "," FAP-029 ","$177.096","7","4","$1.239.672","No","","","","","","","","","","","","",""
"Maderas","FAPLAC MDF 18mm","Placa MDF 18mm","Nature","Gaudí 027","Faplac"," 1.83x2.75m "," FAP-030 ","$177.096","9","4","$1.593.864","No","","","","","","","","","","","","",""
"Maderas","FAPLAC MDF 18mm","Placa MDF 18mm","Nature","Linosa Cinza 048","Faplac"," 1.83x2.75m "," FAP-031 ","$177.096","5","4","$885.480","No","","","","","","","","","","","","",""
"Maderas","FAPLAC MDF 18mm","Placa MDF 18mm","Nature","Mont Blanc 072","Faplac"," 1.83x2.75m "," FAP-032 ","$177.096","11","5","$1.948.056","No","","","","","","","","","","","","",""
"Maderas","FAPLAC MDF 18mm","Placa MDF 18mm","Nature","Noce Milano 054","Faplac"," 1.83x2.75m "," FAP-033 ","$177.096","10","5","$1.770.960","No","","","","","","","","","","","","",""
"Maderas","FAPLAC MDF 18mm","Placa MDF 18mm","Nature","Nogal Terracota 043","Faplac"," 1.83x2.75m "," FAP-034 ","$177.096","8","4","$1.416.768","No","","","","","","","","","","","","",""
"Maderas","FAPLAC MDF 18mm","Placa MDF 18mm","Nature","Teka Antico 047","Faplac"," 1.83x2.75m "," FAP-035 ","$177.096","6","4","$1.062.576","No","","","","","","","","","","","","",""
"Maderas","FAPLAC MDF 18mm","Placa MDF 18mm","Nature","Terracum 043","Faplac"," 1.83x2.75m "," FAP-036 ","$177.096","4","4","$708.384","Sí","","","","","","","","","","","","",""
"Maderas","FAPLAC MDF 18mm","Placa MDF 18mm","Nature","Vanezza 160","Faplac"," 1.83x2.75m "," FAP-037 ","$177.096","7","4","$1.239.672","No","","","","","","","","","","","","",""
"Maderas","FAPLAC MDF 18mm","Placa MDF 18mm","Nature","Seda Azurra 118","Faplac"," 1.83x2.75m "," FAP-038 ","$177.096","3","4","$531.288","Sí","","","","","","","","","","","","",""
"Maderas","FAPLAC MDF 18mm","Placa MDF 18mm","Nature","Seda Giorno 150","Faplac"," 1.83x2.75m "," FAP-039 ","$177.096","5","4","$885.480","No","","","","","","","","","","","","",""
"Maderas","FAPLAC MDF 18mm","Placa MDF 18mm","Nature","Seda Notte 151","Faplac"," 1.83x2.75m "," FAP-040 ","$177.096","6","4","$1.062.576","No","","","","","","","","","","","","",""
"Maderas","FAPLAC MDF 18mm","Placa MDF 18mm","Hilados Nature","Lino Chiaro 153","Faplac"," 1.83x2.75m "," FAP-041 ","$177.096","8","4","$1.416.768","No","","","","","","","","","","","","",""
"Maderas","FAPLAC MDF 18mm","Placa MDF 18mm","Hilados Nature","Lino Negro 303","Faplac"," 1.83x2.75m "," FAP-042 ","$177.096","10","4","$1.770.960","No","","","","","","","","","","","","",""
"Maderas","FAPLAC MDF 18mm","Placa MDF 18mm","Hilados Nature","Lino Terra 152","Faplac"," 1.83x2.75m "," FAP-043 ","$177.096","7","4","$1.239.672","No","","","","","","","","","","","","",""
"Maderas","FAPLAC MDF 18mm","Placa MDF 18mm","Nórdica","Báltico 097","Faplac"," 1.83x2.75m "," FAP-044 ","$177.096","9","4","$1.593.864","No","","","","","","","","","","","","",""
"Maderas","FAPLAC MDF 18mm","Placa MDF 18mm","Nórdica","Roble Escandinavo 098","Faplac"," 1.83x2.75m "," FAP-045 ","$177.096","12","6","$2.125.152","No","","","","","","","","","","","","",""
"Maderas","FAPLAC MDF 18mm","Placa MDF 18mm","Nórdica","Helsinki 089","Faplac"," 1.83x2.75m "," FAP-046 ","$177.096","8","4","$1.416.768","No","","","","","","","","","","","","",""
"Maderas","FAPLAC MDF 18mm","Placa MDF 18mm","Urban Concept","Ambience 058","Faplac"," 1.83x2.75m "," FAP-047 ","$177.096","5","4","$885.480","No","","","","","","","","","","","","",""
"Maderas","FAPLAC MDF 18mm","Placa MDF 18mm","Urban Concept","Colisseo 119","Faplac"," 1.83x2.75m "," FAP-048 ","$177.096","6","4","$1.062.576","No","","","","","","","","","","","","",""
"Maderas","FAPLAC MDF 18mm","Placa MDF 18mm","Urban Concept","Home 025","Faplac"," 1.83x2.75m "," FAP-049 ","$177.096","9","4","$1.593.864","No","","","","","","","","","","","","",""
"Maderas","FAPLAC MDF 18mm","Placa MDF 18mm","Urban Concept","Mosco 029","Faplac"," 1.83x2.75m "," FAP-050 ","$177.096","7","4","$1.239.672","No","","","","","","","","","","","","",""
"Maderas","FAPLAC MDF 18mm","Placa MDF 18mm","Urban Concept","Praga 028","Faplac"," 1.83x2.75m "," FAP-051 ","$177.096","4","4","$708.384","Sí","","","","","","","","","","","","",""
"Maderas","FAPLAC MDF 18mm","Placa MDF 18mm","Urban Concept","Street 024","Faplac"," 1.83x2.75m "," FAP-052 ","$177.096","8","4","$1.416.768","No","","","","","","","","","","","","",""
"Maderas","FAPLAC MDF 18mm","Placa MDF 18mm","Urban Concept","Vienna 026","Faplac"," 1.83x2.75m "," FAP-053 ","$177.096","6","4","$1.062.576","No","","","","","","","","","","","","",""
"Maderas","FAPLAC MDF 18mm","Placa MDF 18mm","Étnica","Amaranto 143","Faplac"," 1.83x2.75m "," FAP-054 ","$177.096","3","3","$531.288","Sí","","","","","","","","","","","","",""
"Maderas","FAPLAC MDF 18mm","Placa MDF 18mm","Étnica","Camellia 140","Faplac"," 1.83x2.75m "," FAP-055 ","$177.096","5","3","$885.480","No","","","","","","","","","","","","",""
"Maderas","FAPLAC MDF 18mm","Placa MDF 18mm","Étnica","Marlet 141","Faplac"," 1.83x2.75m "," FAP-056 ","$177.096","4","3","$708.384","No","","","","","","","","","","","","",""
"Maderas","FAPLAC MDF 18mm","Placa MDF 18mm","Étnica","Pinot Grin 120","Faplac"," 1.83x2.75m "," FAP-057 ","$177.096","2","3","$354.192","Sí","","","","","","","","","","","","",""
"Maderas","FAPLAC MDF 18mm","Placa MDF 18mm","Étnica","Scotch 142","Faplac"," 1.83x2.75m "," FAP-058 ","$177.096","6","3","$1.062.576","No","","","","","","","","","","","","",""
"Maderas","FAPLAC MDF 18mm","Placa MDF 18mm","Étnica","Sauco","Faplac"," 1.83x2.75m "," FAP-059 ","$177.096","5","3","$885.480","No","","","","","","","","","","","","",""
"Maderas","FAPLAC MDF 18mm","Placa MDF 18mm","Étnica","Himalaya 113","Faplac"," 1.83x2.75m "," FAP-060 ","$177.096","7","4","$1.239.672","No","","","","","","","","","","","","",""
"Maderas","FAPLAC MDF 18mm","Placa MDF 18mm","Étnica","Safari 115","Faplac"," 1.83x2.75m "," FAP-061 ","$177.096","4","3","$708.384","No","","","","","","","","","","","","",""
"Maderas","FAPLAC MDF 18mm","Placa MDF 18mm","Étnica","Sahara 112","Faplac"," 1.83x2.75m "," FAP-062 ","$177.096","8","4","$1.416.768","No","","","","","","","","","","","","",""
"Maderas","FAPLAC MDF 18mm","Placa MDF 18mm","Étnica","Tribal 111","Faplac"," 1.83x2.75m "," FAP-063 ","$177.096","3","3","$531.288","Sí","","","","","","","","","","","","",""
"Maderas","FAPLAC MDF 18mm","Placa MDF 18mm","Étnica","Tuareg 114","Faplac"," 1.83x2.75m "," FAP-064 ","$177.096","5","3","$885.480","No","","","","","","","","","","","","",""
"Maderas","FAPLAC MDF 18mm","Placa MDF 18mm","Blanco Everest","Everest 116","Faplac"," 1.83x2.75m "," FAP-065 ","$177.096","14","6","$2.479.344","No","","","","","","","","","","","","",""
"Maderas","FAPLAC MDF 18mm","Placa MDF 18mm","Blanco Nature","Blanco Nature","Faplac"," 1.83x2.75m "," FAP-066 ","$102.998","22","10","$2.265.956","No","","","","","","","","","","","","",""
"Maderas","FAPLAC MDF 18mm","Placa MDF 18mm","Blanco Hilado Nature","Blanco Hilado Nature","Faplac"," 1.83x2.75m "," FAP-067 ","$102.998","16","8","$1.647.968","No","","","","","","","","","","","","",""
"Maderas","FAPLAC MDF 18mm","Placa MDF 18mm","Maderas Premium","Kiri 219","Faplac"," 1.83x2.75m "," FAP-068 ","$193.406","6","4","$1.160.436","No","","","","","","","","","","","","",""
"Maderas","FAPLAC MDF 18mm","Placa MDF 18mm","Maderas Premium","Paraíso 218","Faplac"," 1.83x2.75m "," FAP-069 ","$193.406","4","4","$773.624","Sí","","","","","","","","","","","","",""
"Maderas","FAPLAC MDF 18mm","Placa MDF 18mm","Maderas Premium","Yate 225","Faplac"," 1.83x2.75m "," FAP-070 ","$193.406","5","4","$967.030","No","","","","","","","","","","","","",""
"Maderas","FAPLAC MDF 18mm","Placa MDF 18mm","Maderas Premium","Petribí 224","Faplac"," 1.83x2.75m "," FAP-071 ","$193.406","7","4","$1.353.842","No","","","","","","","","","","","","",""
"Maderas","FAPLAC MDF 18mm","Placa MDF 18mm","Unicolores Vivos","Amatista 2013","Faplac"," 1.83x2.75m "," FAP-072 ","$129.722","5","4","$648.610","No","","","","","","","","","","","","",""
"Maderas","FAPLAC MDF 18mm","Placa MDF 18mm","Unicolores Vivos","Terracota 223","Faplac"," 1.83x2.75m "," FAP-073 ","$129.722","4","4","$518.888","Sí","","","","","","","","","","","","",""
"Maderas","FAPLAC MDF 18mm","Placa MDF 18mm","Unicolores Neutros","Gris Basalto 214","Faplac"," 1.83x2.75m "," FAP-074 ","$125.534","8","5","$1.004.272","No","","","","","","","","","","","","",""
"Maderas","FAPLAC MDF 18mm","Placa MDF 18mm","Unicolores Neutros","Gris Caliza 215","Faplac"," 1.83x2.75m "," FAP-075 ","$125.534","10","5","$1.255.340","No","","","","","","","","","","","","",""
"Maderas","FAPLAC MDF 18mm","Placa MDF 18mm","Unicolores Neutros","Gris Tapir 216","Faplac"," 1.83x2.75m "," FAP-076 ","$125.534","6","4","$753.204","No","","","","","","","","","","","","",""
"RAUVISIO REHAU","","","","","","","","","","","","","","","","","","","","","","","","",""
"Maderas","RAUVISIO REHAU","Placa Rauvisio","Brilliant","Blanco Brillante","Rehau"," 1.30x2.80m "," REH-001 ","$512.000","4","2","$2.048.000","No","","","","","","","","","","","","",""
"Maderas","RAUVISIO REHAU","Placa Rauvisio","Brilliant","Negro Brillante","Rehau"," 1.30x2.80m "," REH-002 ","$562.000","3","2","$1.686.000","No","","","","","","","","","","","","",""
"FONDOS MDF","","","","","","","","","","","","","","","","","","","","","","","","",""
"Maderas","FONDOS MDF","Fondo MDF","Blanco Absoluto Soft","","Egger"," Fibroplus 3mm "," EGG-F01 ","$40.500","28","12","$1.134.000","No","","","","","","","","","","","","",""
"Maderas","FONDOS MDF","Fondo MDF","Blanco Absoluto Soft","","Egger"," 5.5mm 1 cara "," EGG-F02 ","$55.657","22","10","$1.224.454","No","","","","","","","","","","","","",""
"Maderas","FONDOS MDF","Fondo MDF","Blanco SM","","Egger"," 5.5mm 1 cara "," EGG-F03 ","$72.995","15","8","$1.094.925","No","","","","","","","","","","","","",""
"Maderas","FONDOS MDF","Fondo MDF","Blanco 1","","Faplac"," Fondo 3.8mm "," FAP-F01 ","$49.840","35","15","$1.744.400","No","","","","","","","","","","","","",""
"Maderas","FONDOS MDF","Fondo MDF","Blanco Natural","","Faplac"," 5.5mm 1 cara "," FAP-F02 ","$56.963","30","12","$1.708.890","No","","","","","","","","","","","","",""
"TAPACANTOS / CANTOS ABS","","","","","","","","","","","","","","","","","","","","","","","","",""
"Maderas","TAPACANTOS / CANTOS ABS","Tapacanto","ABS Egger","","Egger"," 0.8x23mm (Rollo 75m) "," EGG-T01 ","$1.918","100","10","$191.800","No","","","","","","","","","","","","",""
"Maderas","TAPACANTOS / CANTOS ABS","Tapacanto","ABS Egger","","Egger"," 2x23mm (Rollo 75m) "," EGG-T02 ","$3.343","18","8","$60.174","No","","","","","","","","","","","","",""
"Maderas","TAPACANTOS / CANTOS ABS","Tapacanto","ABS PerfectSense","","Egger"," 1x23mm (Rollo 75m) "," EGG-T03 ","$3.214","12","6","$38.568","No","","","","","","","","","","","","",""
"Maderas","TAPACANTOS / CANTOS ABS","Tapacanto","ABS PerfectSense","","Egger"," 2x23mm Gloss (Rollo 75m) "," EGG-T04 ","$3.121","8","5","$24.968","No","","","","","","","","","","","","",""
"Maderas","TAPACANTOS / CANTOS ABS","Tapacanto","Rauvisio Brillante","","Rehau"," 1x23mm Blanco (Rollo 25m) "," REH-T01 ","$127.497","5","3","$637.485","No","","","","","","","","","","","","",""
"Maderas","TAPACANTOS / CANTOS ABS","Tapacanto","Rauvisio Brillante","","Rehau"," 1x23mm Negro (Rollo 25m) "," REH-T02 ","$127.497","4","3","$509.988","No","","","","","","","","","","","","",""
"Maderas","TAPACANTOS / CANTOS ABS","Tapacanto","PVC Blanco","","Bronzen"," 22x0.40mm (Por metro) "," BRZ-T01 ","$84","450","150","$37.800","No","","","","","","","","","","","","",""
"Maderas","TAPACANTOS / CANTOS ABS","Tapacanto","PVC Blanco","","Bronzen"," 22x2mm (Por metro) "," BRZ-T02 ","$445","180","80","$80.100","No","","","","","","","","","","","","",""
"Maderas","TAPACANTOS / CANTOS ABS","Tapacanto","PVC Blanco","","Rehau"," 22×0,8mm (Por metro) "," MAD-0153B ","$160","800","200","$128.000","No","","","","","","","","","","","","",""
"PLACAS MDF CRUDO","","","","","","","","","","","","","","","","","","","","","","","","",""
"Maderas","PLACAS MDF CRUDO","Placa MDF Crudo 18mm","Trupan Estándar","Crudo","Trupan"," 1.83x2.60m "," DAC-TRU-18 ","$73.688","32","15","$2.358.016","No","","","","","","","","","","","","",""
"Maderas","PLACAS MDF CRUDO","Placa MDF Crudo 18mm","Eucaliptus","Crudo","Egger"," 1.83x2.60m "," DAC-EUC-18 ","$65.741","45","20","$2.958.345","No","","","","","","","","","","","","",""
"Maderas","PLACAS MDF CRUDO","Placa MDF Crudo 18mm","Nova","Crudo","Guillermina"," 1.83x3.66m "," DAC-GUI-18 ","$72.751","18","10","$1.309.518","No","","","","","","","","","","","","",""
"▼ HOJA: HERRAJES ▼","","","","","","","","","","","","","","","","","","","","","","","","",""
"CORREDERAS TELESCÓPICAS — HÄFELE","","","","","","","","","","","","","","","","","","","","","","","","",""
"Herrajes","CORREDERAS TELESCÓPICAS — HÄFELE","Corredera Telesc.","Común","25cm","Häfele"," 25cm "," 494.02.360 ","$5.801","40","20","$232.040","No","","","","","","","","","","","","",""
"Herrajes","CORREDERAS TELESCÓPICAS — HÄFELE","Corredera Telesc.","Común","30cm","Häfele"," 30cm "," 494.02.361 ","$6.849","55","25","$376.695","No","","","","","","","","","","","","",""
"Herrajes","CORREDERAS TELESCÓPICAS — HÄFELE","Corredera Telesc.","Común","35cm","Häfele"," 35cm "," 494.02.362 ","$7.899","60","25","$473.940","No","","","","","","","","","","","","",""
"Herrajes","CORREDERAS TELESCÓPICAS — HÄFELE","Corredera Telesc.","Común","40cm","Häfele"," 40cm "," 494.02.363 ","$8.947","45","20","$402.615","No","","","","","","","","","","","","",""
"Herrajes","CORREDERAS TELESCÓPICAS — HÄFELE","Corredera Telesc.","Común","45cm","Häfele"," 45cm "," 494.02.364 ","$9.995","50","20","$499.750","No","","","","","","","","","","","","",""
"Herrajes","CORREDERAS TELESCÓPICAS — HÄFELE","Corredera Telesc.","Común","50cm","Häfele"," 50cm "," 494.02.365 ","$10.734","35","15","$375.690","No","","","","","","","","","","","","",""
"Herrajes","CORREDERAS TELESCÓPICAS — HÄFELE","Corredera Telesc.","Común","55cm","Häfele"," 55cm "," 494.02.366 ","$11.753","28","15","$329.084","No","","","","","","","","","","","","",""
"Herrajes","CORREDERAS TELESCÓPICAS — HÄFELE","Corredera Telesc.","Común","60cm","Häfele"," 60cm "," 494.02.367 ","$12.769","25","12","$319.225","No","","","","","","","","","","","","",""
"Herrajes","CORREDERAS TELESCÓPICAS — HÄFELE","Corredera Telesc.","Común","65cm","Häfele"," 65cm "," 494.02.368 ","$13.788","18","10","$248.184","No","","","","","","","","","","","","",""
"Herrajes","CORREDERAS TELESCÓPICAS — HÄFELE","Corredera Telesc.","Común","70cm","Häfele"," 70cm "," 494.02.369 ","$14.806","15","10","$222.090","No","","","","","","","","","","","","",""
"Herrajes","CORREDERAS TELESCÓPICAS — HÄFELE","Corredera Telesc.","C.Suave","30cm","Häfele"," 30cm "," 494.02.061 ","$13.423","30","15","$402.690","No","","","","","","","","","","","","",""
"Herrajes","CORREDERAS TELESCÓPICAS — HÄFELE","Corredera Telesc.","C.Suave","35cm","Häfele"," 35cm "," 494.02.062 ","$14.750","28","15","$413.000","No","","","","","","","","","","","","",""
"Herrajes","CORREDERAS TELESCÓPICAS — HÄFELE","Corredera Telesc.","C.Suave","40cm","Häfele"," 40cm "," 494.02.063 ","$16.086","35","15","$563.010","No","","","","","","","","","","","","",""
"Herrajes","CORREDERAS TELESCÓPICAS — HÄFELE","Corredera Telesc.","C.Suave","45cm","Häfele"," 45cm "," 494.02.064 ","$17.407","32","15","$557.024","No","","","","","","","","","","","","",""
"Herrajes","CORREDERAS TELESCÓPICAS — HÄFELE","Corredera Telesc.","C.Suave","50cm","Häfele"," 50cm "," 494.02.065 ","$18.743","25","12","$468.575","No","","","","","","","","","","","","",""
"Herrajes","CORREDERAS TELESCÓPICAS — HÄFELE","Corredera Telesc.","C.Suave","55cm","Häfele"," 55cm "," 494.02.066 ","$20.071","18","10","$361.278","No","","","","","","","","","","","","",""
"Herrajes","CORREDERAS TELESCÓPICAS — HÄFELE","Corredera Telesc.","Push Open","30cm","Häfele"," 30cm "," 494.02.081 ","$11.724","22","10","$257.928","No","","","","","","","","","","","","",""
"Herrajes","CORREDERAS TELESCÓPICAS — HÄFELE","Corredera Telesc.","Push Open","35cm","Häfele"," 35cm "," 494.02.082 ","$13.147","25","10","$328.675","No","","","","","","","","","","","","",""
"Herrajes","CORREDERAS TELESCÓPICAS — HÄFELE","Corredera Telesc.","Push Open","40cm","Häfele"," 40cm "," 494.02.083 ","$14.571","30","12","$437.130","No","","","","","","","","","","","","",""
"Herrajes","CORREDERAS TELESCÓPICAS — HÄFELE","Corredera Telesc.","Push Open","45cm","Häfele"," 45cm "," 494.02.084 ","$15.995","28","12","$447.860","No","","","","","","","","","","","","",""
"Herrajes","CORREDERAS TELESCÓPICAS — HÄFELE","Corredera Telesc.","Push Open","50cm","Häfele"," 50cm "," 494.02.085 ","$17.420","20","10","$348.400","No","","","","","","","","","","","","",""
"Herrajes","CORREDERAS TELESCÓPICAS — HÄFELE","Corredera Telesc.","Push Open","55cm","Häfele"," 55cm "," 494.02.086 ","$18.842","15","8","$282.630","No","","","","","","","","","","","","",""
"Herrajes","CORREDERAS TELESCÓPICAS — HÄFELE","Corredera Telesc.","Push Open","60cm","Häfele"," 60cm "," 494.02.087 ","$20.267","12","8","$243.204","No","","","","","","","","","","","","",""
"CORREDERAS TELESCÓPICAS — BRONZEN","","","","","","","","","","","","","","","","","","","","","","","","",""
"Herrajes","CORREDERAS TELESCÓPICAS — BRONZEN","Corredera Telesc.","Común","30cm","Bronzen"," 30cm "," BRZ-2030-N ","$2.520","80","30","$201.600","No","","","","","","","","","","","","",""
"Herrajes","CORREDERAS TELESCÓPICAS — BRONZEN","Corredera Telesc.","Común","35cm","Bronzen"," 35cm "," BRZ-2035-N ","$2.940","95","30","$279.300","No","","","","","","","","","","","","",""
"Herrajes","CORREDERAS TELESCÓPICAS — BRONZEN","Corredera Telesc.","Común","40cm","Bronzen"," 40cm "," BRZ-2040-N ","$3.360","110","40","$369.600","No","","","","","","","","","","","","",""
"Herrajes","CORREDERAS TELESCÓPICAS — BRONZEN","Corredera Telesc.","Común","45cm","Bronzen"," 45cm "," BRZ-2045-N ","$3.780","90","30","$340.200","No","","","","","","","","","","","","",""
"Herrajes","CORREDERAS TELESCÓPICAS — BRONZEN","Corredera Telesc.","Común","50cm","Bronzen"," 50cm "," BRZ-2050-N ","$4.200","70","25","$294.000","No","","","","","","","","","","","","",""
"Herrajes","CORREDERAS TELESCÓPICAS — BRONZEN","Corredera Telesc.","Común","55cm","Bronzen"," 55cm "," BRZ-2055-N ","$4.620","50","20","$231.000","No","","","","","","","","","","","","",""
"Herrajes","CORREDERAS TELESCÓPICAS — BRONZEN","Corredera Telesc.","C.Suave","30cm","Bronzen"," 30cm "," BRZ-2130-Z ","$5.964","45","20","$268.380","No","","","","","","","","","","","","",""
"Herrajes","CORREDERAS TELESCÓPICAS — BRONZEN","Corredera Telesc.","C.Suave","35cm","Bronzen"," 35cm "," BRZ-2135-Z ","$6.133","50","20","$306.650","No","","","","","","","","","","","","",""
"Herrajes","CORREDERAS TELESCÓPICAS — BRONZEN","Corredera Telesc.","C.Suave","40cm","Bronzen"," 40cm "," BRZ-2140-Z ","$6.700","55","25","$368.500","No","","","","","","","","","","","","",""
"Herrajes","CORREDERAS TELESCÓPICAS — BRONZEN","Corredera Telesc.","C.Suave","45cm","Bronzen"," 45cm "," BRZ-2145-Z ","$7.266","40","20","$290.640","No","","","","","","","","","","","","",""
"Herrajes","CORREDERAS TELESCÓPICAS — BRONZEN","Corredera Telesc.","C.Suave","50cm","Bronzen"," 50cm "," BRZ-2150-Z ","$7.833","35","15","$274.155","No","","","","","","","","","","","","",""
"Herrajes","CORREDERAS TELESCÓPICAS — BRONZEN","Corredera Telesc.","C.Suave","55cm","Bronzen"," 55cm "," BRZ-2155-Z ","$8.479","25","12","$211.975","No","","","","","","","","","","","","",""
"Herrajes","CORREDERAS TELESCÓPICAS — BRONZEN","Corredera Telesc.","Push Open","30cm","Bronzen"," 30cm "," BRZ-2230-Z ","$5.401","30","15","$162.030","No","","","","","","","","","","","","",""
"Herrajes","CORREDERAS TELESCÓPICAS — BRONZEN","Corredera Telesc.","Push Open","35cm","Bronzen"," 35cm "," BRZ-2235-Z ","$5.964","35","15","$208.740","No","","","","","","","","","","","","",""
"Herrajes","CORREDERAS TELESCÓPICAS — BRONZEN","Corredera Telesc.","Push Open","40cm","Bronzen"," 40cm "," BRZ-2240-Z ","$6.528","40","18","$261.120","No","","","","","","","","","","","","",""
"Herrajes","CORREDERAS TELESCÓPICAS — BRONZEN","Corredera Telesc.","Push Open","45cm","Bronzen"," 45cm "," BRZ-2245-Z ","$7.092","28","15","$198.576","No","","","","","","","","","","","","",""
"Herrajes","CORREDERAS TELESCÓPICAS — BRONZEN","Corredera Telesc.","Push Open","50cm","Bronzen"," 50cm "," BRZ-2250-Z ","$7.372","25","12","$184.300","No","","","","","","","","","","","","",""
"Herrajes","CORREDERAS TELESCÓPICAS — BRONZEN","Corredera Telesc.","Push Open","55cm","Bronzen"," 55cm "," BRZ-2255-Z ","$8.219","20","10","$164.380","No","","","","","","","","","","","","",""
"Herrajes","CORREDERAS TELESCÓPICAS — BRONZEN","Corredera Telesc.","Liviana","30cm","Bronzen"," 30cm "," BRZ-1930-Z ","$1.608","100","40","$160.800","No","","","","","","","","","","","","",""
"Herrajes","CORREDERAS TELESCÓPICAS — BRONZEN","Corredera Telesc.","Liviana","35cm","Bronzen"," 35cm "," BRZ-1935-Z ","$1.875","85","35","$159.375","No","","","","","","","","","","","","",""
"Herrajes","CORREDERAS TELESCÓPICAS — BRONZEN","Corredera Telesc.","Liviana","40cm","Bronzen"," 40cm "," BRZ-1940-Z ","$2.143","75","30","$160.725","No","","","","","","","","","","","","",""
"Herrajes","CORREDERAS TELESCÓPICAS — BRONZEN","Corredera Telesc.","Liviana","45cm","Bronzen"," 45cm "," BRZ-1945-Z ","$2.411","60","25","$144.660","No","","","","","","","","","","","","",""
"Herrajes","CORREDERAS TELESCÓPICAS — BRONZEN","Corredera Telesc.","Liviana","50cm","Bronzen"," 50cm "," BRZ-1950-Z ","$2.679","45","20","$120.555","No","","","","","","","","","","","","",""
"GUÍAS OCULTAS — HÄFELE","","","","","","","","","","","","","","","","","","","","","","","","",""
"Herrajes","GUÍAS OCULTAS — HÄFELE","Guía Oculta","C.Suave","40cm","Häfele"," 40cm "," 433.03.284 ","$24.224","18","10","$436.032","No","","","","","","","","","","","","",""
"Herrajes","GUÍAS OCULTAS — HÄFELE","Guía Oculta","C.Suave","45cm","Häfele"," 45cm "," 433.03.285 ","$25.789","22","10","$567.358","No","","","","","","","","","","","","",""
"Herrajes","GUÍAS OCULTAS — HÄFELE","Guía Oculta","C.Suave","50cm","Häfele"," 50cm "," 433.03.286 ","$26.434","15","8","$396.510","No","","","","","","","","","","","","",""
"Herrajes","GUÍAS OCULTAS — HÄFELE","Guía Oculta","CS+Push","30cm","Häfele"," 30cm "," 433.03.681 ","$27.322","12","6","$327.864","No","","","","","","","","","","","","",""
"Herrajes","GUÍAS OCULTAS — HÄFELE","Guía Oculta","CS+Push","35cm","Häfele"," 35cm "," 433.03.682 ","$28.103","14","6","$393.442","No","","","","","","","","","","","","",""
"Herrajes","GUÍAS OCULTAS — HÄFELE","Guía Oculta","CS+Push","40cm","Häfele"," 40cm "," 433.03.683 ","$29.118","16","8","$465.888","No","","","","","","","","","","","","",""
"Herrajes","GUÍAS OCULTAS — HÄFELE","Guía Oculta","CS+Push","45cm","Häfele"," 45cm "," 433.03.684 ","$30.710","10","6","$307.100","No","","","","","","","","","","","","",""
"Herrajes","GUÍAS OCULTAS — HÄFELE","Guía Oculta","CS+Push","50cm","Häfele"," 50cm "," 433.03.685 ","$31.369","8","6","$250.952","No","","","","","","","","","","","","",""
"Herrajes","GUÍAS OCULTAS — HÄFELE","Guía Oculta","CS+Push","55cm","Häfele"," 55cm "," 433.03.686 ","$33.587","6","5","$201.522","No","","","","","","","","","","","","",""
"Herrajes","GUÍAS OCULTAS — HÄFELE","Guía Oculta","C.Suave","40cm","Bronzen"," 40cm "," BRZ-2340 ","$13.898","25","12","$347.450","No","","","","","","","","","","","","",""
"Herrajes","GUÍAS OCULTAS — HÄFELE","Guía Oculta","C.Suave","45cm","Bronzen"," 45cm "," BRZ-2345 ","$14.422","28","12","$403.816","No","","","","","","","","","","","","",""
"Herrajes","GUÍAS OCULTAS — HÄFELE","Guía Oculta","C.Suave","50cm","Bronzen"," 50cm "," BRZ-2350 ","$15.474","22","10","$340.428","No","","","","","","","","","","","","",""
"BISAGRAS — HÄFELE","","","","","","","","","","","","","","","","","","","","","","","","",""
"Herrajes","BISAGRAS — HÄFELE","Bisagra","Codo 0 Común","","Häfele"," 35mm "," 311.90.500 ","$686","350","150","$240.100","No","","","","","","","","","","","","",""
"Herrajes","BISAGRAS — HÄFELE","Bisagra","Codo 0 C.Suave","","Häfele"," 35mm "," 311.04.003 ","$2.682","180","80","$482.760","No","","","","","","","","","","","","",""
"Herrajes","BISAGRAS — HÄFELE","Bisagra","Codo 0 Push","","Häfele"," 35mm "," 311.84.506 ","$1.298","140","60","$181.720","No","","","","","","","","","","","","",""
"Herrajes","BISAGRAS — HÄFELE","Bisagra","Codo 0 LOCA","","Häfele"," 35mm "," 311.60.918 ","$1.294","95","50","$122.930","No","","","","","","","","","","","","",""
"Herrajes","BISAGRAS — HÄFELE","Bisagra","Codo 9 Común","","Häfele"," 35mm "," 311.90.501 ","$686","280","120","$192.080","No","","","","","","","","","","","","",""
"Herrajes","BISAGRAS — HÄFELE","Bisagra","Codo 9 C.Suave","","Häfele"," 35mm "," 311.04.004 ","$2.828","220","100","$622.160","No","","","","","","","","","","","","",""
"Herrajes","BISAGRAS — HÄFELE","Bisagra","Codo 9 Push","","Häfele"," 35mm "," 311.84.507 ","$1.502","120","60","$180.240","No","","","","","","","","","","","","",""
"Herrajes","BISAGRAS — HÄFELE","Bisagra","Codo 9 LOCA","","Häfele"," 35mm "," 311.60.917 ","$1.481","80","50","$118.480","No","","","","","","","","","","","","",""
"Herrajes","BISAGRAS — HÄFELE","Bisagra","Codo 18 Común","","Häfele"," 35mm "," 311.90.502 ","$686","240","100","$164.640","No","","","","","","","","","","","","",""
"Herrajes","BISAGRAS — HÄFELE","Bisagra","Codo 18 C.Suave","","Häfele"," 35mm "," 311.04.005 ","$2.956","160","80","$472.960","No","","","","","","","","","","","","",""
"Herrajes","BISAGRAS — HÄFELE","Bisagra","Codo 18 Push","","Häfele"," 35mm "," 311.84.508 ","$1.513","90","50","$136.170","No","","","","","","","","","","","","",""
"Herrajes","BISAGRAS — HÄFELE","Bisagra","Codo 18 LOCA","","Häfele"," 35mm "," 311.60.916 ","$1.492","60","40","$89.520","No","","","","","","","","","","","","",""
"Herrajes","BISAGRAS — HÄFELE","Bisagra","180° Común","","Häfele"," 35mm "," 311.63.740 ","$3.767","45","25","$169.515","No","","","","","","","","","","","","",""
"Herrajes","BISAGRAS — HÄFELE","Bisagra","Pilastra","","Häfele"," 35mm "," 311.04.194 ","$1.376","75","40","$103.200","No","","","","","","","","","","","","",""
"Herrajes","BISAGRAS — HÄFELE","Bisagra","90°","","Häfele"," 35mm "," 311.66.602 ","$2.783","55","30","$153.065","No","","","","","","","","","","","","",""
"Herrajes","BISAGRAS — HÄFELE","Bisagra","Placa Común","","Häfele"," 35mm "," 311.98.500 ","$201","800","300","$160.800","No","","","","","","","","","","","","",""
"Herrajes","BISAGRAS — HÄFELE","Bisagra","Placa Clip","","Häfele"," 35mm "," 311.71.500 ","$200","650","250","$130.000","No","","","","","","","","","","","","",""
"Herrajes","BISAGRAS — HÄFELE","Bisagra","Placa 3D","","Häfele"," 35mm "," 311.70.610 ","$550","420","150","$231.000","No","","","","","","","","","","","","",""
"BISAGRAS — BRONZEN","","","","","","","","","","","","","","","","","","","","","","","","",""
"Herrajes","BISAGRAS — BRONZEN","Bisagra","Codo 0 C.S.","","Bronzen"," 35mm "," BC-155-0 ","$713","500","200","$356.500","No","","","","","","","","","","","","",""
"Herrajes","BISAGRAS — BRONZEN","Bisagra","Codo 9 C.S.","","Bronzen"," 35mm "," BC-155-9 ","$713","420","200","$299.460","No","","","","","","","","","","","","",""
"Herrajes","BISAGRAS — BRONZEN","Bisagra","Codo 18 C.S.","","Bronzen"," 35mm "," BC-155-18 ","$713","350","150","$249.550","No","","","","","","","","","","","","",""
"PISTONES","","","","","","","","","","","","","","","","","","","","","","","","",""
"Herrajes","PISTONES","Pistón","C.Suave","60N","Häfele",""," 373.82.301 ","$4.667","45","20","$210.015","No","","","","","","","","","","","","",""
"Herrajes","PISTONES","Pistón","C.Suave","80N","Häfele",""," 373.82.302 ","$4.667","50","20","$233.350","No","","","","","","","","","","","","",""
"Herrajes","PISTONES","Pistón","C.Suave","100N","Häfele",""," 373.82.303 ","$4.667","55","25","$256.685","No","","","","","","","","","","","","",""
"Herrajes","PISTONES","Pistón","C.Suave","120N","Häfele",""," 373.82.304 ","$4.667","40","20","$186.680","No","","","","","","","","","","","","",""
"Herrajes","PISTONES","Pistón","C.Suave","150N","Häfele",""," 373.82.305 ","$4.667","35","15","$163.345","No","","","","","","","","","","","","",""
"Herrajes","PISTONES","Pistón","F.Inversa","60N","Häfele",""," 373.82.901 ","$4.357","20","10","$87.140","No","","","","","","","","","","","","",""
"Herrajes","PISTONES","Pistón","F.Inversa","80N","Häfele",""," 373.82.902 ","$4.357","25","10","$108.925","No","","","","","","","","","","","","",""
"Herrajes","PISTONES","Pistón","F.Inversa","100N","Häfele",""," 373.82.903 ","$4.357","18","10","$78.426","No","","","","","","","","","","","","",""
"Herrajes","PISTONES","Pistón","Común","60N","Bronzen",""," P10-60 ","$1.057","120","50","$126.840","No","","","","","","","","","","","","",""
"Herrajes","PISTONES","Pistón","Común","80N","Bronzen",""," P10-80 ","$1.057","140","50","$147.980","No","","","","","","","","","","","","",""
"Herrajes","PISTONES","Pistón","Común","100N","Bronzen",""," P10-100 ","$1.057","150","60","$158.550","No","","","","","","","","","","","","",""
"Herrajes","PISTONES","Pistón","Común","120N","Bronzen",""," P10-120 ","$1.057","110","50","$116.270","No","","","","","","","","","","","","",""
"Herrajes","PISTONES","Pistón","Común","150N","Bronzen",""," P10-150 ","$1.057","80","40","$84.560","No","","","","","","","","","","","","",""
"Herrajes","PISTONES","Pistón","F.Inversa","60N","Bronzen",""," P10-60-FI ","$1.372","45","20","$61.740","No","","","","","","","","","","","","",""
"Herrajes","PISTONES","Pistón","F.Inversa","80N","Bronzen",""," P10-80-FI ","$1.372","50","20","$68.600","No","","","","","","","","","","","","",""
"Herrajes","PISTONES","Pistón","F.Inversa","100N","Bronzen",""," P10-100-FI ","$1.372","40","20","$54.880","No","","","","","","","","","","","","",""
"Herrajes","PISTONES","Pistón","F.Inversa","120N","Bronzen",""," P10-120-FI ","$1.372","30","15","$41.160","No","","","","","","","","","","","","",""
"LATERALES CAJÓN — HÄFELE","","","","","","","","","","","","","","","","","","","","","","","","",""
"Herrajes","LATERALES CAJÓN — HÄFELE","Matrix S","Blanco 84mm","Blanco","Häfele"," 400x84mm "," 552.56.793 ","$43.014","12","6","$516.168","No","","","","","","","","","","","","",""
"Herrajes","LATERALES CAJÓN — HÄFELE","Matrix S","Blanco 84mm","Blanco","Häfele"," 450x84mm "," 552.56.794 ","$44.379","14","6","$621.306","No","","","","","","","","","","","","",""
"Herrajes","LATERALES CAJÓN — HÄFELE","Matrix S","Blanco 84mm","Blanco","Häfele"," 500x84mm "," 552.56.795 ","$46.939","15","8","$704.085","No","","","","","","","","","","","","",""
"Herrajes","LATERALES CAJÓN — HÄFELE","Matrix S","Blanco 120mm","Blanco","Häfele"," 400x120mm "," 552.54.793 ","$43.988","10","6","$439.880","No","","","","","","","","","","","","",""
"Herrajes","LATERALES CAJÓN — HÄFELE","Matrix S","Blanco 120mm","Blanco","Häfele"," 450x120mm "," 552.54.794 ","$45.411","12","6","$544.932","No","","","","","","","","","","","","",""
"Herrajes","LATERALES CAJÓN — HÄFELE","Matrix S","Blanco 120mm","Blanco","Häfele"," 500x120mm "," 552.54.795 ","$47.997","11","6","$527.967","No","","","","","","","","","","","","",""
"Herrajes","LATERALES CAJÓN — HÄFELE","Matrix S","Antracita 84mm","Antracita","Häfele"," 400x84mm "," 552.56.493 ","$43.834","8","5","$350.672","No","","","","","","","","","","","","",""
"Herrajes","LATERALES CAJÓN — HÄFELE","Matrix S","Antracita 84mm","Antracita","Häfele"," 450x84mm "," 552.56.494 ","$45.225","9","5","$407.025","No","","","","","","","","","","","","",""
"Herrajes","LATERALES CAJÓN — HÄFELE","Matrix S","Antracita 84mm","Antracita","Häfele"," 500x84mm "," 552.56.495 ","$47.833","10","5","$478.330","No","","","","","","","","","","","","",""
"Herrajes","LATERALES CAJÓN — HÄFELE","Matrix S","Antracita 120mm","Antracita","Häfele"," 400x120mm "," 552.54.493 ","$44.825","7","5","$313.775","No","","","","","","","","","","","","",""
"Herrajes","LATERALES CAJÓN — HÄFELE","Matrix S","Antracita 120mm","Antracita","Häfele"," 450x120mm "," 552.54.494 ","$46.276","6","5","$277.656","No","","","","","","","","","","","","",""
"Herrajes","LATERALES CAJÓN — HÄFELE","Matrix S","Antracita 120mm","Antracita","Häfele"," 500x120mm "," 552.54.495 ","$48.911","8","5","$391.288","No","","","","","","","","","","","","",""
"Herrajes","LATERALES CAJÓN — HÄFELE","Matrix S","Gris 84mm","Gris","Häfele"," 400x84mm "," 552.56.693 ","$43.014","9","5","$387.126","No","","","","","","","","","","","","",""
"Herrajes","LATERALES CAJÓN — HÄFELE","Matrix S","Gris 84mm","Gris","Häfele"," 450x84mm "," 552.56.694 ","$44.379","11","5","$488.169","No","","","","","","","","","","","","",""
"Herrajes","LATERALES CAJÓN — HÄFELE","Matrix S","Gris 84mm","Gris","Häfele"," 500x84mm "," 552.56.695 ","$46.939","12","5","$563.268","No","","","","","","","","","","","","",""
"Herrajes","LATERALES CAJÓN — HÄFELE","Matrix S","Gris 120mm","Gris","Häfele"," 400x120mm "," 552.54.693 ","$43.988","8","5","$351.904","No","","","","","","","","","","","","",""
"Herrajes","LATERALES CAJÓN — HÄFELE","Matrix S","Gris 120mm","Gris","Häfele"," 450x120mm "," 552.54.694 ","$45.411","10","5","$454.110","No","","","","","","","","","","","","",""
"Herrajes","LATERALES CAJÓN — HÄFELE","Matrix S","Gris 120mm","Gris","Häfele"," 500x120mm "," 552.54.695 ","$47.997","9","5","$431.973","No","","","","","","","","","","","","",""
"ZÓCALOS + PATAS — BRONZEN","","","","","","","","","","","","","","","","","","","","","","","","",""
"Herrajes","ZÓCALOS + PATAS — BRONZEN","Zócalo 3m","100mm","Anodizado","Bronzen"," 100mm x 3m "," TUH-1100 ","$9.823","30","15","$294.690","No","","","","","","","","","","","","",""
"Herrajes","ZÓCALOS + PATAS — BRONZEN","Zócalo 3m","120mm","Anodizado","Bronzen"," 120mm x 3m "," TUH-1120 ","$11.358","25","12","$283.950","No","","","","","","","","","","","","",""
"Herrajes","ZÓCALOS + PATAS — BRONZEN","Zócalo 3m","150mm","Anodizado","Bronzen"," 150mm x 3m "," TUH-1150 ","$15.077","18","10","$271.386","No","","","","","","","","","","","","",""
"Herrajes","ZÓCALOS + PATAS — BRONZEN","Zócalo 3m","100mm","Negro","Bronzen"," 100mm x 3m "," TUH-1100-N ","$9.823","22","12","$216.106","No","","","","","","","","","","","","",""
"Herrajes","ZÓCALOS + PATAS — BRONZEN","Zócalo 3m","120mm","Negro","Bronzen"," 120mm x 3m "," TUH-1120-N ","$11.358","20","10","$227.160","No","","","","","","","","","","","","",""
"Herrajes","ZÓCALOS + PATAS — BRONZEN","Zócalo 3m","150mm","Negro","Bronzen"," 150mm x 3m "," TUH-1150-N ","$15.077","15","10","$226.155","No","","","","","","","","","","","","",""
"Herrajes","ZÓCALOS + PATAS — BRONZEN","Pata","Cuad.Alum. 100mm","","Bronzen",""," BRZ-6010 ","$989","250","100","$247.250","No","","","","","","","","","","","","",""
"Herrajes","ZÓCALOS + PATAS — BRONZEN","Pata","PVC Reg. 70-100","","Bronzen",""," BRZ-6207 ","$405","380","150","$153.900","No","","","","","","","","","","","","",""
"Herrajes","ZÓCALOS + PATAS — BRONZEN","Pata","PVC Reg. 100-170","","Bronzen",""," BRZ-6210 ","$469","420","150","$196.980","No","","","","","","","","","","","","",""
"Herrajes","ZÓCALOS + PATAS — BRONZEN","Piso Aluminio","Bajo bacha","","-"," 600mm "," HM-PISO60 ","$18.908","8","4","$151.264","No","","","","","","","","","","","","",""
"Herrajes","ZÓCALOS + PATAS — BRONZEN","Piso Aluminio","Bajo bacha","","-"," 800mm "," HM-PISO80 ","$21.790","10","4","$217.900","No","","","","","","","","","","","","",""
"Herrajes","ZÓCALOS + PATAS — BRONZEN","Piso Aluminio","Bajo bacha","","-"," 900mm "," HM-PISO90 ","$22.812","7","4","$159.684","No","","","","","","","","","","","","",""
"Herrajes","ZÓCALOS + PATAS — BRONZEN","Piso Aluminio","Bajo bacha","","-"," 1000mm "," HM-PISO100 ","$26.561","5","3","$132.805","No","","","","","","","","","","","","",""
"ACCESORIOS COCINA","","","","","","","","","","","","","","","","","","","","","","","","",""
"Herrajes","ACCESORIOS COCINA","Cubertero PVC","","315mm","Bronzen"," 315x485mm "," LC-1315 ","$8.166","15","8","$122.490","No","","","","","","","","","","","","",""
"Herrajes","ACCESORIOS COCINA","Cubertero PVC","","390mm","Bronzen"," 390x485mm "," LC-1390 ","$9.513","18","8","$171.234","No","","","","","","","","","","","","",""
"Herrajes","ACCESORIOS COCINA","Cubertero PVC","","435mm","Bronzen"," 435x485mm "," LC-1435 ","$10.682","12","6","$128.184","No","","","","","","","","","","","","",""
"Herrajes","ACCESORIOS COCINA","Cubertero PVC","","540mm","Bronzen"," 540x485mm "," LC-1540 ","$12.189","14","6","$170.646","No","","","","","","","","","","","","",""
"Herrajes","ACCESORIOS COCINA","Cubertero PVC","","635mm","Bronzen"," 635x485mm "," LC-1635 ","$13.801","10","5","$138.010","No","","","","","","","","","","","","",""
"Herrajes","ACCESORIOS COCINA","Cubertero PVC","","735mm","Bronzen"," 735x485mm "," LC-1735 ","$16.172","8","5","$129.376","No","","","","","","","","","","","","",""
"Herrajes","ACCESORIOS COCINA","Cubertero PVC","","830mm","Bronzen"," 830x485mm "," LC-1830 ","$20.082","6","4","$120.492","No","","","","","","","","","","","","",""
"Herrajes","ACCESORIOS COCINA","Tacho Basura","Doble 20+20 lts","","Bronzen"," 20+20 lts "," TBE-2020 ","$120.502","4","2","$482.008","No","","","","","","","","","","","","",""
"Herrajes","ACCESORIOS COCINA","Tacho Basura","Doble 12+12 lts","","Bronzen"," 12+12 lts "," TBE-1212 ","$108.562","5","2","$542.810","No","","","","","","","","","","","","",""
"Herrajes","ACCESORIOS COCINA","Tacho Basura","Doble 20 lts","","Bronzen"," 20 lts "," TBE-200 ","$92.552","6","3","$555.312","No","","","","","","","","","","","","",""
"Herrajes","ACCESORIOS COCINA","Magic Corner","Reversible","","Häfele",""," 548.16.202 ","$717.435","2","1","$1.434.870","No","","","","","","","","","","","","",""
"Herrajes","ACCESORIOS COCINA","Magic Corner","Der/Izq","","Bronzen",""," LC-101 ","$291.494","3","2","$874.482","No","","","","","","","","","","","","",""
"Herrajes","ACCESORIOS COCINA","Le Mans","Der/Izq","","Bronzen",""," LC-100 ","$187.948","3","2","$563.844","No","","","","","","","","","","","","",""
"Herrajes","ACCESORIOS COCINA","Columna CS","300mm","","Häfele"," 1659-2059 "," 546.47.214 ","$678.772","2","1","$1.357.544","No","","","","","","","","","","","","",""
"Herrajes","ACCESORIOS COCINA","Columna CS","400mm","","Häfele"," 1659-2059 "," 546.47.234 ","$696.060","2","1","$1.392.120","No","","","","","","","","","","","","",""
"Herrajes","ACCESORIOS COCINA","Secaplatos","Alacena inox","","CIMA"," 600mm "," CIM-S60 ","$51.562","5","3","$257.810","No","","","","","","","","","","","","",""
"Herrajes","ACCESORIOS COCINA","Secaplatos","Alacena inox","","CIMA"," 700mm "," CIM-S70 ","$67.968","4","2","$271.872","No","","","","","","","","","","","","",""
"Herrajes","ACCESORIOS COCINA","Secaplatos","Alacena inox","","CIMA"," 800mm "," CIM-S80 ","$77.343","3","2","$232.029","No","","","","","","","","","","","","",""
"Herrajes","ACCESORIOS COCINA","Secaplatos","Alacena inox","","CIMA"," 900mm "," CIM-S90 ","$85.493","2","2","$170.986","Sí","","","","","","","","","","","","",""
"Herrajes","ACCESORIOS COCINA","Aislante Horno","Foco 1200°C 3mm","","-"," 560x850mm "," AIS-F01 ","$13.998","12","6","$167.976","No","","","","","","","","","","","","",""
"Herrajes","ACCESORIOS COCINA","Aislante Horno","UDG 1200°C 3mm","","-"," 560x850mm "," AIS-U01 ","$15.159","10","5","$151.590","No","","","","","","","","","","","","",""
"CAÑO OVAL — MUNDO CIMA","","","","","","","","","","","","","","","","","","","","","","","","",""
"Herrajes","CAÑO OVAL — MUNDO CIMA","Caño Oval","Perchero","Cromado","CIMA",""," CO-10 ","$3.998","22","10","$87.956","No","","","","","","","","","","","","",""
"Herrajes","CAÑO OVAL — MUNDO CIMA","Caño Oval","Perchero","Mate","CIMA",""," OVO ","$9.915","15","8","$148.725","No","","","","","","","","","","","","",""
"Herrajes","CAÑO OVAL — MUNDO CIMA","Caño Oval","Perchero","Negro","CIMA",""," OVON ","$9.915","18","8","$178.470","No","","","","","","","","","","","","",""
"Herrajes","CAÑO OVAL — MUNDO CIMA","Caño Oval","Perchero","LED","CIMA",""," CO-12 ","$11.789","8","5","$94.312","No","","","","","","","","","","","","",""
"Herrajes","CAÑO OVAL — MUNDO CIMA","Caño Oval","Soporte Embutir","Anodizado","CIMA",""," PLE ","$11.218","45","20","$504.810","No","","","","","","","","","","","","",""
"Herrajes","CAÑO OVAL — MUNDO CIMA","Caño Oval","Soporte Embutir","Negro","CIMA",""," PLEN ","$12.346","38","20","$469.148","No","","","","","","","","","","","","",""
"Herrajes","CAÑO OVAL — MUNDO CIMA","Caño Oval","Soporte Clipar","Anodizado","CIMA",""," PLC ","$9.794","50","25","$489.700","No","","","","","","","","","","","","",""
"Herrajes","CAÑO OVAL — MUNDO CIMA","Caño Oval","Soporte Clipar","Negro","CIMA",""," PLCN ","$10.775","42","20","$452.550","No","","","","","","","","","","","","",""
"Herrajes","CAÑO OVAL — MUNDO CIMA","Caño Oval","Tapa","Anodizado","CIMA",""," TLC ","$390","180","80","$70.200","No","","","","","","","","","","","","",""
"Herrajes","CAÑO OVAL — MUNDO CIMA","Caño Oval","Tapa","Negro","CIMA",""," TLCN ","$417","150","80","$62.550","No","","","","","","","","","","","","",""
"Herrajes","CAÑO OVAL — MUNDO CIMA","Caño Oval","Tapa 45°","Anodizado","CIMA",""," T45LC ","$390","140","60","$54.600","No","","","","","","","","","","","","",""
"Herrajes","CAÑO OVAL — MUNDO CIMA","Caño Oval","Tapa 45°","Negro","CIMA",""," T45LCN ","$417","120","60","$50.040","No","","","","","","","","","","","","",""
"Herrajes","CAÑO OVAL — MUNDO CIMA","Caño Oval","Grampa","","CIMA",""," GLC ","$255","220","100","$56.100","No","","","","","","","","","","","","",""
"Herrajes","CAÑO OVAL — MUNDO CIMA","Caño Oval","Grampa 45°","","CIMA",""," G45LC ","$255","180","80","$45.900","No","","","","","","","","","","","","",""
"SOPORTES DE ESTANTE","","","","","","","","","","","","","","","","","","","","","","","","",""
"Herrajes","SOPORTES DE ESTANTE","Soporte Estante","5/5","","Bronzen",""," F-6 ","$13","1.200","500","$15.600","No","","","","","","","","","","","","",""
"Herrajes","SOPORTES DE ESTANTE","Soporte Estante","5/5","","Häfele",""," 282.43.905 ","$22","850","300","$18.700","No","","","","","","","","","","","","",""
"Herrajes","SOPORTES DE ESTANTE","Soporte Estante","Pala","Latón","Häfele",""," 282.04.515 ","$45","420","150","$18.900","No","","","","","","","","","","","","",""
"Herrajes","SOPORTES DE ESTANTE","Soporte Estante","Pala","Níquel","CIMA",""," F-21 ","$32","380","150","$12.160","No","","","","","","","","","","","","",""
"Herrajes","SOPORTES DE ESTANTE","Soporte Estante","Lateral","","CIMA",""," F-2 ","$222","180","80","$39.960","No","","","","","","","","","","","","",""
"Herrajes","SOPORTES DE ESTANTE","Soporte Estante","Central","Negro","CIMA",""," SCON ","$1.800","60","25","$108.000","No","","","","","","","","","","","","",""
"Herrajes","SOPORTES DE ESTANTE","Soporte Estante","Escuadra Del Sur","","Del Sur",""," 2600NT ","$159","250","100","$39.750","No","","","","","","","","","","","","",""
"Herrajes","SOPORTES DE ESTANTE","Soporte Estante","Escuadra Bronzen","","Bronzen",""," F-26 ","$147","220","100","$32.340","No","","","","","","","","","","","","",""
"Herrajes","SOPORTES DE ESTANTE","Soporte Estante","Ángulo Zinc","","-"," 25x25mm "," F-37 ","$61","500","200","$30.500","No","","","","","","","","","","","","",""
"Herrajes","SOPORTES DE ESTANTE","Soporte Estante","Ángulo Zinc","","-"," 40x40mm "," F-39 ","$95","380","150","$36.100","No","","","","","","","","","","","","",""
"Herrajes","SOPORTES DE ESTANTE","Soporte Estante","Ángulo Blanco","","-",""," F-36 ","$130","290","120","$37.700","No","","","","","","","","","","","","",""
"COLGADORES ALACENA — MUNDO CIMA","","","","","","","","","","","","","","","","","","","","","","","","",""
"Herrajes","COLGADORES ALACENA — MUNDO CIMA","Colgador Alacena","F-10","Blanco","CIMA",""," F-10-B ","$416","180","80","$74.880","No","","","","","","","","","","","","",""
"Herrajes","COLGADORES ALACENA — MUNDO CIMA","Colgador Alacena","F-10","Negro","CIMA",""," F-10-N ","$416","150","80","$62.400","No","","","","","","","","","","","","",""
"TORNILLOS","","","","","","","","","","","","","","","","","","","","","","","","",""
"Herrajes","TORNILLOS","Tornillo 50mm","Aglomerado T11","","Bronzen"," 3.5x50mm "," T11-3550 ","$15.456","15","8","$231.840","No","","","","","","","","","","","","",""
"Herrajes","TORNILLOS","Tornillo 50mm","Melamina T10","","Bronzen"," 3.5x50mm "," T10-3550 ","$14.504","200","8","$2.900.800","No","","","","","","","","","","","","",""
"Herrajes","TORNILLOS","Tornillo 50mm","Euro 015.33","","Häfele"," 3.5x50mm "," 015.33.096 ","$15.631","10","5","$156.310","No","","","","","","","","","","","","",""
"Herrajes","TORNILLOS","Tornillo 50mm","Euro 015.97","","Häfele"," 3.5x50mm "," 015.97.038 ","$17.479","8","5","$139.832","No","","","","","","","","","","","","",""
"Herrajes","TORNILLOS","Tornillo 16mm","Melamina T10","","Bronzen"," 3.5x16mm "," T10-3516 ","$5.418","300","10","$1.625.400","No","","","","","","","","","","","","",""
"Herrajes","TORNILLOS","Tornillo 30mm","Melamina T10","","Bronzen"," 3.5x30mm "," HER-0180B ","$1.200","500","200","$600.000","No","","","","","","","","","","","","",""
"▼ HOJA: ILUMINACIÓN LED ▼","","","","","","","","","","","","","","","","","","","","","","","","",""
"VARILLAS BAJO MESADA 220V","","","","","","","","","","","","","","","","","","","","","","","","",""
"Iluminación LED","VARILLAS BAJO MESADA 220V","Varilla 220V","COB 75LED","","-"," 0.5m "," VAR-COB05 ","$5.440","25","12","$136.000","No","","","","","","","","","","","","",""
"Iluminación LED","VARILLAS BAJO MESADA 220V","Varilla 220V","COB 75LED","","-"," 0.8m "," VAR-COB08 ","$6.100","22","10","$134.200","No","","","","","","","","","","","","",""
"Iluminación LED","VARILLAS BAJO MESADA 220V","Varilla 220V","COB 150LED","","-"," 1m "," VAR-COB10 ","$7.100","28","12","$198.800","No","","","","","","","","","","","","",""
"Iluminación LED","VARILLAS BAJO MESADA 220V","Varilla 220V","COB 150LED","","-"," 1.2m "," VAR-COB12 ","$7.900","20","10","$158.000","No","","","","","","","","","","","","",""
"Iluminación LED","VARILLAS BAJO MESADA 220V","Varilla 220V","SMD 72LED","","-"," 0.5m "," VAR-SMD05 ","$3.100","30","15","$93.000","No","","","","","","","","","","","","",""
"Iluminación LED","VARILLAS BAJO MESADA 220V","Varilla 220V","SMD 72LED","","-"," 0.8m "," VAR-SMD08 ","$6.100","18","10","$109.800","No","","","","","","","","","","","","",""
"Iluminación LED","VARILLAS BAJO MESADA 220V","Varilla 220V","SMD 72LED","","-"," 1m "," VAR-SMD10 ","$3.600","32","15","$115.200","No","","","","","","","","","","","","",""
"Iluminación LED","VARILLAS BAJO MESADA 220V","Varilla 220V","SMD 144LED","","-"," 1m "," VAR-SMD144 ","$4.500","24","12","$108.000","No","","","","","","","","","","","","",""
"Iluminación LED","VARILLAS BAJO MESADA 220V","Varilla 220V","SMD 144LED","","-"," 1.2m "," VAR-SMD144-12 ","$5.100","18","10","$91.800","No","","","","","","","","","","","","",""
"TIRAS LED 12V (rollo 5m)","","","","","","","","","","","","","","","","","","","","","","","","",""
"Iluminación LED","TIRAS LED 12V (rollo 5m)","Tira LED 12V","COB 320D 5mm","","-"," 5 metros "," LED-COB320-5 ","$23.120","15","8","$346.800","No","","","","","","","","","","","","",""
"Iluminación LED","TIRAS LED 12V (rollo 5m)","Tira LED 12V","COB 320D 8mm","","-"," 5 metros "," LED-COB320-8 ","$21.760","18","8","$391.680","No","","","","","","","","","","","","",""
"Iluminación LED","TIRAS LED 12V (rollo 5m)","Tira LED 12V","2835 60LED 8mm","","-"," 5 metros "," LED-2835-60 ","$9.130","22","10","$200.860","No","","","","","","","","","","","","",""
"Iluminación LED","TIRAS LED 12V (rollo 5m)","Tira LED 12V","2835 120LED 5mm","","-"," 5 metros "," LED-2835-120-5 ","$13.710","16","8","$219.360","No","","","","","","","","","","","","",""
"Iluminación LED","TIRAS LED 12V (rollo 5m)","Tira LED 12V","2835 120LED 8mm","","-"," 5 metros "," LED-2835-120-8 ","$12.870","20","10","$257.400","No","","","","","","","","","","","","",""
"Iluminación LED","TIRAS LED 12V (rollo 5m)","Tira LED 12V","2835 240LED 10mm","","-"," 5 metros "," LED-2835-240 ","$22.850","12","6","$274.200","No","","","","","","","","","","","","",""
"Iluminación LED","TIRAS LED 12V (rollo 5m)","Tira LED 12V","5050 60LED 10mm","","-"," 5 metros "," LED-5050-60 ","$12.870","14","8","$180.180","No","","","","","","","","","","","","",""
"Iluminación LED","TIRAS LED 12V (rollo 5m)","Tira LED 12V","4040 60LED 10mm","","-"," 5 metros "," LED-4040-60 ","$8.500","18","8","$153.000","No","","","","","","","","","","","","",""
"TIRAS LED 24V (rollo 10m)","","","","","","","","","","","","","","","","","","","","","","","","",""
"Iluminación LED","TIRAS LED 24V (rollo 10m)","Tira LED 24V","COB 320D 8mm Blancos","","-"," 10 metros "," LED24-COB-B ","$38.630","10","5","$386.300","No","","","","","","","","","","","","",""
"Iluminación LED","TIRAS LED 24V (rollo 10m)","Tira LED 24V","COB 320D 8mm Colores","","-"," 10 metros "," LED24-COB-C ","$44.880","8","5","$359.040","No","","","","","","","","","","","","",""
"TIRAS LED 220V (rollo 10m)","","","","","","","","","","","","","","","","","","","","","","","","",""
"Iluminación LED","TIRAS LED 220V (rollo 10m)","Tira LED 220V","2835 120LED IP20","","-"," 10 metros "," LED220-2835 ","$32.000","12","6","$384.000","No","","","","","","","","","","","","",""
"Iluminación LED","TIRAS LED 220V (rollo 10m)","Tira LED 220V","COB 320 IP20","","-"," 10 metros "," LED220-COB320 ","$40.800","10","6","$408.000","No","","","","","","","","","","","","",""
"Iluminación LED","TIRAS LED 220V (rollo 10m)","Tira LED 220V","COB 240 IP20","","-"," 10 metros "," LED220-COB240 ","$28.560","14","6","$399.840","No","","","","","","","","","","","","",""
"KITS COMPLETOS","","","","","","","","","","","","","","","","","","","","","","","","",""
"Iluminación LED","KITS COMPLETOS","Kit","Doble Temperatura 24V","","Mayor LED"," 10m "," KIT-DT24 ","$123.760","4","2","$495.040","No","","","","","","","","","","","","",""
"Iluminación LED","KITS COMPLETOS","Kit","Tira Secuencial 24V","","Mayor LED"," 10m "," KIT-TS24 ","$53.860","6","3","$323.160","No","","","","","","","","","","","","",""
"PERFILES ALUMINIO PARA MUEBLE","","","","","","","","","","","","","","","","","","","","","","","","",""
"Iluminación LED","PERFILES ALUMINIO PARA MUEBLE","Perfil Aluminio","Triángulo 2m","","-",""," P-1010 ","$7.800","30","12","$234.000","No","","","","","","","","","","","","",""
"Iluminación LED","PERFILES ALUMINIO PARA MUEBLE","Perfil Aluminio","Ángulo 120° 1.5m","","-",""," P-LF-05 ","$17.400","22","10","$382.800","No","","","","","","","","","","","","",""
"Iluminación LED","PERFILES ALUMINIO PARA MUEBLE","Perfil Aluminio","Ángulo tira 9mm 1.5m","","-",""," P-LF-08 ","$19.770","18","10","$355.860","No","","","","","","","","","","","","",""
"Iluminación LED","PERFILES ALUMINIO PARA MUEBLE","Perfil Aluminio","2m","","-",""," P-1509 ","$7.180","25","12","$179.500","No","","","","","","","","","","","","",""
"Iluminación LED","PERFILES ALUMINIO PARA MUEBLE","Perfil Aluminio","2m","","-",""," P-509 ","$9.280","20","10","$185.600","No","","","","","","","","","","","","",""
"Iluminación LED","PERFILES ALUMINIO PARA MUEBLE","Perfil Aluminio","2m","","-",""," P-701 ","$10.320","16","8","$165.120","No","","","","","","","","","","","","",""
"Iluminación LED","PERFILES ALUMINIO PARA MUEBLE","Perfil Aluminio","2m","","-",""," P-508 ","$7.930","22","10","$174.460","No","","","","","","","","","","","","",""
"Iluminación LED","PERFILES ALUMINIO PARA MUEBLE","Perfil Aluminio","2m","","-",""," P-1307 ","$7.800","28","12","$218.400","No","","","","","","","","","","","","",""
"Iluminación LED","PERFILES ALUMINIO PARA MUEBLE","Perfil Aluminio","2m","","-",""," P-2010A ","$8.680","18","10","$156.240","No","","","","","","","","","","","","",""
"Iluminación LED","PERFILES ALUMINIO PARA MUEBLE","Perfil Aluminio","2m","","-",""," P-1010A ","$6.700","24","12","$160.800","No","","","","","","","","","","","","",""
"Iluminación LED","PERFILES ALUMINIO PARA MUEBLE","Perfil Aluminio","2m","","-",""," P-601R ","$7.710","20","10","$154.200","No","","","","","","","","","","","","",""
"Iluminación LED","PERFILES ALUMINIO PARA MUEBLE","Perfil Aluminio","Zócalo LED","","-",""," P-TJX0550 ","$22.300","15","8","$334.500","No","","","","","","","","","","","","",""
"SENSORES (precio por pack)","","","","","","","","","","","","","","","","","","","","","","","","",""
"Iluminación LED","SENSORES (precio por pack)","Sensor","Táctil","","-"," Pack x25 "," CM-01 ","$184.960","3","2","$554.880","No","","","","","","","","","","","","",""
"Iluminación LED","SENSORES (precio por pack)","Sensor","Barrido mano","","-"," Pack x25 "," SS-01 ","$184.960","3","2","$554.880","No","","","","","","","","","","","","",""
"Iluminación LED","SENSORES (precio por pack)","Sensor","Movimiento","","-"," Pack x25 "," RT-01 ","$212.160","2","2","$424.320","Sí","","","","","","","","","","","","",""
"Iluminación LED","SENSORES (precio por pack)","Sensor","Puerta simple","","-"," Pack x25 "," MK-01 ","$184.960","4","2","$739.840","No","","","","","","","","","","","","",""
"Iluminación LED","SENSORES (precio por pack)","Sensor","Puerta doble","","-"," Pack x25 "," MK-02 ","$239.360","2","2","$478.720","Sí","","","","","","","","","","","","",""
"FUENTES","","","","","","","","","","","","","","","","","","","","","","","","",""
"Iluminación LED","FUENTES","Fuente","Armario 12V 36W","","-",""," FUE-A36 ","$9.800","12","6","$117.600","No","","","","","","","","","","","","",""
"Iluminación LED","FUENTES","Fuente","Armario 12V 60W","","-",""," FUE-A60 ","$15.780","10","5","$157.800","No","","","","","","","","","","","","",""
"Iluminación LED","FUENTES","Fuente","Armario 24V 100W","","-",""," FUE-A100 ","$18.770","8","4","$150.160","No","","","","","","","","","","","","",""
"Iluminación LED","FUENTES","Fuente","Slim 12V 60W","","-",""," FUE-S60 ","$13.010","14","6","$182.140","No","","","","","","","","","","","","",""
"Iluminación LED","FUENTES","Fuente","Slim 12V 100W","","-",""," FUE-S100 ","$17.470","11","5","$192.170","No","","","","","","","","","","","","",""
"Iluminación LED","FUENTES","Fuente","Slim 12V 200W","","-",""," FUE-S200 ","$25.030","6","4","$150.180","No","","","","","","","","","","","","",""
"Iluminación LED","FUENTES","Fuente","Slim 24V 60W","","-",""," FUE-SS60 ","$13.710","9","4","$123.390","No","","","","","","","","","","","","",""
"Iluminación LED","FUENTES","Fuente","Slim 24V 100W","","-",""," FUE-SS100 ","$17.470","7","4","$122.290","No","","","","","","","","","","","","",""
"Iluminación LED","FUENTES","Fuente","Slim 24V 300W","","-",""," FUE-SS300 ","$31.690","4","2","$126.760","No","","","","","","","","","","","","",""
"DIMMERS","","","","","","","","","","","","","","","","","","","","","","","","",""
"Iluminación LED","DIMMERS","Dimmer","Dimmer 8A","","-",""," CNT-23 ","$14.150","15","8","$212.250","No","","","","","","","","","","","","",""
"Iluminación LED","DIMMERS","Dimmer","Dimmer 30A","","-",""," CNT-31 ","$9.100","12","6","$109.200","No","","","","","","","","","","","","",""
"▼ HOJA: SERVICIOS ▼","","","","","","","","","","","","","","","","","","","","","","","","",""
"LAQUEADO — Ramón Laqueados ($/m²)","","","","","","","","","","","","","","","","","","","","","","","","",""
"Servicios","LAQUEADO — Ramón Laqueados ($/m²)","Laqueado Pol.","Semimate","Transparente","Ramón"," $/m2 "," LAQ-SM-T ","$152.863","0","0","$0","No","","","","","","","","","","","","",""
"Servicios","LAQUEADO — Ramón Laqueados ($/m²)","Laqueado Pol.","Semimate","Blanco","Ramón"," $/m2 "," LAQ-SM-B ","$152.863","0","0","$0","No","","","","","","","","","","","","",""
"Servicios","LAQUEADO — Ramón Laqueados ($/m²)","Laqueado Pol.","Semimate","Negro","Ramón"," $/m2 "," LAQ-SM-N ","$152.863","0","0","$0","No","","","","","","","","","","","","",""
"Servicios","LAQUEADO — Ramón Laqueados ($/m²)","Laqueado Pol.","Semimate","Color a elección","Ramón"," $/m2 "," LAQ-SM-C ","$180.000","0","0","$0","No","","","","","","","","","","","","",""
"Servicios","LAQUEADO — Ramón Laqueados ($/m²)","Laqueado Pol.","Semimate","Rojo","Ramón"," $/m2 "," LAQ-SM-R ","$185.138","0","0","$0","No","","","","","","","","","","","","",""
"Servicios","LAQUEADO — Ramón Laqueados ($/m²)","Laqueado Pol.","Brillante","Transparente","Ramón"," $/m2 "," LAQ-BR-T ","$306.695","0","0","$0","No","","","","","","","","","","","","",""
"Servicios","LAQUEADO — Ramón Laqueados ($/m²)","Laqueado Pol.","Brillante","Blanco","Ramón"," $/m2 "," LAQ-BR-B ","$306.695","0","0","$0","No","","","","","","","","","","","","",""
"Servicios","LAQUEADO — Ramón Laqueados ($/m²)","Laqueado Pol.","Brillante","Negro","Ramón"," $/m2 "," LAQ-BR-N ","$306.695","0","0","$0","No","","","","","","","","","","","","",""
"Servicios","LAQUEADO — Ramón Laqueados ($/m²)","Laqueado Pol.","Brillante","Color a elección","Ramón"," $/m2 "," LAQ-BR-C ","$320.570","0","0","$0","No","","","","","","","","","","","","",""
"Servicios","LAQUEADO — Ramón Laqueados ($/m²)","Laqueado Pol.","Brillante","Rojo","Ramón"," $/m2 "," LAQ-BR-R ","$388.450","0","0","$0","No","","","","","","","","","","","","",""
"Servicios","LAQUEADO — Ramón Laqueados ($/m²)","Laqueado Pol.","Lijado","Crudo","Ramón"," $/m2 "," LAQ-LI-C ","$20.000","0","0","$0","No","","","","","","","","","","","","",""
"PUERTAS DE VIDRIO TEMPLADO","","","","","","","","","","","","","","","","","","","","","","","","",""
"Servicios","PUERTAS DE VIDRIO TEMPLADO","Puerta Vidrio","Templado 50x60cm","Transparente","-"," Par (2u) "," PV-50x60-P ","$85.400","6","3","$512.400","No","","","","","","","","","","","","",""
"Servicios","PUERTAS DE VIDRIO TEMPLADO","Puerta Vidrio","Templado 50x60cm","Transparente","-"," Unitario "," PV-50x60-U ","$42.700","10","4","$427.000","No","","","","","","","","","","","","",""